Naslov,Cijena
4 Of Us - Man Alive,"4,90 €"
"A. L. Lloyd, Martyn Wyndham-Reade* and Trevor Lucas - The Great Australian Legend - A Panorama Of Bush Balladry And Song","25,70 €"
"AD Бах / Мендельсон / Шуман / Бетховен / Брамс - Хор Ленинградского Радио И Телевидения, Г. Сандлер – Хоры А Капелла","10,00 €"
General - Rockin' & Rollin' General (2) - Rockin' & Rollin' album cover More images,"23,40 €"
Gina T. - The Window Of My Heart,"6,90 €"
"Heinz Wehrle, Das Pro Musica-Orchester - Wunschkonzert Für Festliche Stunden","5,00 €"
Jim Reeves And The Circle O Ranch Boys - I Could Cry / Mexican Joe,"3,80 €"
1 euro cd - -,"0,70 €"
1 euro singl - 1 euro singl,"0,20 €"
1. Partita U B-Duru - Johann Sebastian Bach,"8,50 €"
10 CC - Bloody Tourists,"12,90 €"
10 CC - The Collection,"12,90 €"
10 CC - The Original Soundtrack,"12,90 €"
10 Slavnih Menueta - Bečki Orkestar / Pariški Orkestar / Komorni Orkestar / Versajski Komorni Orkestar,"5,90 €"
10cc - Good Morning Judge / Don t Squeeze Me Like Toothpaste,"9,00 €"
10cc - The Things We Do For Love / Hot To Trot,"9,00 €"
"15. International Jazz Festival, Ljubljana - 74 = 15. Međunarodni Jazz Festival, Ljubljana - 74 - Clark Terry-Ernie Wilkins Quinte / Stivin-Dašek Tandem / Barney Kessel Trio...","102,90 €"
16 Top-10 Hits! Vol. 2 - 16 Top-10 Hits! Vol. 2,"3,90 €"
1910 Fruitgum Co - Simon Says / May I Take A Giant Step (Into Your Heart),"4,90 €"
1910 Fruitgum Co - When We Get Married / Baby Bret,"3,90 €"
"1st Concerto for Piano and Orchestra in B Flat Minor, Op. 23 - P. Tchaikovsky - Van Cliburn / Symphony Orchestra of the Moscow State. Philharmonics / K. Kondrashin – 1st Concerto for Piano and Orchestra in B Flat Minor, Op. 23","8,90 €"
20 Godina 1962 - 1982. - 20 Godina 1962 - 1982.,"26,30 €"
20 Golden Greats - Gene Autry,"14,20 €"
20 Operetten Melodien - Hermann Prey / Anneliese Rothenberger / Kurt Böhme...,"3,90 €"
20 Welt Hits - 20 Welt Hits,"3,00 €"
